frc2848,,,,https://github.com/allsparks2848,
frc1891,,,,https://github.com/bullbots,
frc612,,,,https://github.com/chantilly612code,
frc2576,,,,https://github.com/chilean-heart,
frc2486,,,,https://github.com/coconuts2486-frc,
frc2773,,,,https://github.com/dcmidfrc-2015,
frc4009,,,,https://github.com/denfeldrobotics4009,
frc207,,,,https://github.com/dpurry23frc-team_207,
frc1699,,,,https://github.com/first-team-1699,
frc95,,,,https://github.com/first95,
frc1721,,,,https://github.com/frc-1721,
frc5752,,,,https://github.com/frc-5752,
frc1991,,,,https://github.com/frc1991,
frc2423,,,,https://github.com/frc2423,
frc2879,,,,https://github.com/frc2879,
frc3324,,,,https://github.com/frc3324,
frc5333,,,,https://github.com/frc5333,
frc5687,,,,https://github.com/frc5687,
frc2370,,,,https://github.com/frcteam2370,
frc3786,,,,https://github.com/kentridgerobotics,
frc2660,,,,https://github.com/pengbots2660,
frc3200,,,,https://github.com/raptacon,
frc4904,,,,https://github.com/roboticsteam4904,
frc2412,,,,https://github.com/robototes,
frc2084,,,,https://github.com/robotsbythec,
frc2522,,,,https://github.com/royal-robotics,
frc1899,,,,https://github.com/saintsrobotics,
frc3003,,,,https://github.com/tanofx,
frc5483,,,,https://github.com/team-5483,
frc1619,,,,https://github.com/team1619,
frc2122,,,,https://github.com/team2122,
frc236,,,,https://github.com/team236,
frc2791,,,,https://github.com/team2791,
frc2852,,,,https://github.com/team2852,
frc294,,,,https://github.com/team294,
frc3512,,,,https://github.com/team3512,
frc5499,,,,https://github.com/team5499,
frc4774,,,,https://github.com/thedropbears,
frc3780,,,,https://github.com/trufrc3780,
frc386,,,,https://github.com/voltage-386,
frc3668,,,,https://github.com/whitmorelaketrobots,
frc111,,,,https://github.com/wildstang,
frc2415,,,,https://github.com/wiredcatsrobotics2415,
frc2805,,https://twitter.com/@waxrobotics,,https://github.com/ghost-in-the-machine-2805,
frc1197,,https://twitter.com/1197torbots,,,
frc1225,,https://twitter.com/1225gorillas,,,
frc123,,https://twitter.com/123cosmos,,,
frc1425,,https://twitter.com/1425robotics,,,
frc1511,,https://twitter.com/1511,,,
frc1747,,https://twitter.com/1747robotics,,,
frc1785,,https://twitter.com/1785robocats,,,
frc1846,,https://twitter.com/1846levortex,,,
frc191,,https://twitter.com/191xcats,,,
frc2220,,https://twitter.com/2220robotics,,,
frc2654,,https://twitter.com/2654roborams,,,
frc3229,,https://twitter.com/3229hawktimus,,,
frc3566,,https://twitter.com/3566robotics,,,
frc3756,,https://twitter.com/3756ramferno,,,
frc384,,https://twitter.com/384sparky,,,
frc3872,,https://twitter.com/3872pantech,,,
frc3930,,https://twitter.com/3930smart,,,
frc3940,,https://twitter.com/3940cybertooth,,,
frc4525,,https://twitter.com/4525frc,,,
frc525,,https://twitter.com/525swartdogs,,,
frc539,,https://twitter.com/539robotics,,,
frc5431,,https://twitter.com/5431frc,,https://github.com/frc5431,
frc5567,,https://twitter.com/5567codered,,,
frc589,,https://twitter.com/589falkonrobots,,,
frc869,,https://twitter.com/869powercord,,https://github.com/frc869,
frc157,,https://twitter.com/aztechsteam157,,,
frc4028,,https://twitter.com/beaksquad4028,,,
frc181,,https://twitter.com/birdsofprey181,,,
frc5148,,https://twitter.com/blitz5148,,,
frc2470,,https://twitter.com/blitzteam2470,,,
frc2443,,https://twitter.com/bluethunder2443,,,
frc5839,,https://twitter.com/bluewhale_5839,,,
frc3233,,https://twitter.com/bots3233,,,
frc3937,,https://twitter.com/breakaway3937,,,
frc5162,,https://twitter.com/brobotics5162,,,
frc1987,,https://twitter.com/broncobots1987,,,
frc3472,,https://twitter.com/buluk3472,,,
frc2988,,https://twitter.com/cchsteam2988,,,
frc4400,,https://twitter.com/cerbotics4400,,,
frc1791,,https://twitter.com/chsrobotics1791,,,
frc4607,,https://twitter.com/cis4607,,,
frc2855,,https://twitter.com/comobeastbot,,,
frc2062,,https://twitter.com/core2062,,,
frc639,,https://twitter.com/crrteam639,,https://github.com/crrobotics,
frc2374,,https://twitter.com/crusaderbot2374,,,
frc1011,,https://twitter.com/crush1011,,,
frc5735,,https://twitter.com/ctrlfreaks5735,,,
frc234,,https://twitter.com/cyberblue234,,,
frc272,,https://twitter.com/cybercrusaders,,,https://www.instagram.com/272cybercrusaders
frc6009,,https://twitter.com/cyberheart6009,,,
frc3104,,https://twitter.com/cyberrams3104,,,
frc4256,,https://twitter.com/cyborgcats4256,,,
frc4484,,https://twitter.com/deadloxteam4484,,,
frc4473,,https://twitter.com/deltaprime4473,,,
frc4735,,https://twitter.com/derof4735,,,
frc2950,,https://twitter.com/devastators2950,,,
frc5865,,https://twitter.com/droide5865,,,
frc3949,,https://twitter.com/dyrobotics3949,,,
frc3974,,https://twitter.com/emcd3974,,,
frc281,,https://twitter.com/entech281,,,
frc2846,,https://twitter.com/firebears2846,,,
frc1915,,https://twitter.com/firebird1915,,,
frc433,,https://twitter.com/firebirds433,,,
frc4266,,https://twitter.com/first_4266,,,
frc3168,,https://twitter.com/first_team_3168,,,
frc340,,https://twitter.com/first_team_340,,,
frc677,,https://twitter.com/first_team_677,,,
frc3182,,https://twitter.com/first_team3182,,,
frc3467,,https://twitter.com/first_team3467,,https://github.com/whs-frc-3467,
frc5588,,https://twitter.com/first_team5588,,,https://www.instagram.com/first_team5588
frc2338,,https://twitter.com/first2338,,,
frc2369,,https://twitter.com/first2369,,,
frc932,,https://twitter.com/firsteam932,,,
frc1100,,https://twitter.com/firstteam1100,,,
frc1305,,https://twitter.com/firstteam1305,,,
frc1816,,https://twitter.com/firstteam1816,,,
frc2180,,https://twitter.com/firstteam2180,,,
frc2539,,https://twitter.com/firstteam2539,,,
frc3157,,https://twitter.com/firstteam3157,,,
frc5030,,https://twitter.com/firstteam5030,,,
frc3695,,https://twitter.com/foximus3695,,,
frc247,,https://twitter.com/frc_247,,,
frc4206,,https://twitter.com/frc_4206,,,
frc5444,,https://twitter.com/frc_5444,,,
frc5816,,https://twitter.com/frc_5816,,,
frc5921,,https://twitter.com/frc_5921,,,
frc3284,,https://twitter.com/frc_laser_3284,,,
frc4926,,https://twitter.com/frc_team_4926,,,
frc2560,,https://twitter.com/frc_team2560,,,
frc2994,,https://twitter.com/frc_team2994,,,
frc1023,,https://twitter.com/frc1023,,,
frc1024,,https://twitter.com/frc1024,,,
frc1071,,https://twitter.com/frc1071,,,
frc1089,,https://twitter.com/frc1089,,https://github.com/mercury1089,
frc1160,,https://twitter.com/frc1160,,,
frc1189,,https://twitter.com/frc1189,,,
frc11,,https://twitter.com/frc11,,https://github.com/mort11,
frc1241,,https://twitter.com/frc1241,,,
frc1246,,https://twitter.com/frc1246,,,
frc126,,https://twitter.com/frc126,,,
frc1318,,https://twitter.com/frc1318,,,
frc1369,,https://twitter.com/frc1369minotaur,,,
frc1389,,https://twitter.com/frc1389announce,,https://github.com/team1389,
frc1421,,https://twitter.com/frc1421,,,
frc151,,https://twitter.com/frc151,,,
frc1515,,https://twitter.com/frc1515,,,
frc1523,,https://twitter.com/frc1523mars,,,
frc1529,,https://twitter.com/frc1529,,,
frc1547,,https://twitter.com/frc1547,,,
frc156,,https://twitter.com/frc156,,,
frc1596,,https://twitter.com/frc1596,,,
frc1622,,https://twitter.com/frc1622,,,
frc1647,,https://twitter.com/frc1647,,,
frc1671,,https://twitter.com/frc1671,,,
frc1675,,https://twitter.com/frc1675,,,
frc1718,,https://twitter.com/frc1718,,,
frc1736,,https://twitter.com/frc1736,,,
frc175,,https://twitter.com/frc175,,,
frc1756,,https://twitter.com/frc1756,,,
frc179,,https://twitter.com/frc179swamp,,,
frc180,,https://twitter.com/frc180,,,
frc1806,,https://twitter.com/frc1806,,,
frc1876,,https://twitter.com/frc1876,,,
frc1923,,https://twitter.com/frc1923,,,
frc2046,,https://twitter.com/frc2046,,,
frc2048,,https://twitter.com/frc2048,,,
frc2056,,https://twitter.com/frc2056,,,
frc2158,,https://twitter.com/frc2158,,,
frc2169,,https://twitter.com/frc2169,,,
frc2228,,https://twitter.com/frc2228,,,
frc228,,https://twitter.com/frc228,,,
frc2341,,https://twitter.com/frc2341,,,
frc244,,https://twitter.com/frc244,,,
frc2468,,https://twitter.com/frc2468,,,
frc2489,,https://twitter.com/frc2489,,,
frc2493,,https://twitter.com/frc2493,,,
frc2500,,https://twitter.com/frc2500,,,
frc2502,,https://twitter.com/frc2502,,,
frc2508,,https://twitter.com/frc2508,,,
frc2512,,https://twitter.com/frc2512,,,
frc2590,,https://twitter.com/frc2590,,,
frc2609,,https://twitter.com/frc2609,,,
frc2619,,https://twitter.com/frc2619,,,
frc2641,,https://twitter.com/frc2641,,,
frc2667,,https://twitter.com/frc2667,,,
frc2705,,https://twitter.com/frc2705,,,
frc2706,,https://twitter.com/frc2706,,,
frc2771,,https://twitter.com/frc2771,,,
frc2789,,https://twitter.com/frc2789,,,
frc2809,,https://twitter.com/frc2809,,,
frc2826,,https://twitter.com/frc2826wave,,,
frc288,,https://twitter.com/frc288,,,
frc2928,,https://twitter.com/frc2928,,,
frc296,,https://twitter.com/frc296,,,
frc2971,,https://twitter.com/frc2971,,,
frc2972,,https://twitter.com/frc2972,,,
frc316,,https://twitter.com/frc319,,,
frc3266,,https://twitter.com/frc3266,,,
frc33,,https://twitter.com/frc33,,,
frc3302,,https://twitter.com/frc3302,,,
frc3310,,https://twitter.com/frc3310,,,
frc3337,,https://twitter.com/frc3337,,,
frc3396,,https://twitter.com/frc3396,,,
frc341,,https://twitter.com/frc341missdaisy,,,
frc3452,,https://twitter.com/frc3452,,,
frc346,,https://twitter.com/frc346,,,
frc3494,,https://twitter.com/frc3494,,,
frc3525,,https://twitter.com/frc3525,,,
frc3539,,https://twitter.com/frc3539,,,
frc3542,,https://twitter.com/frc3542speed,,,
frc3550,,https://twitter.com/frc3550,,,
frc358,,https://twitter.com/frc358,,,
frc3623,,https://twitter.com/frc3623,,,
frc3627,,https://twitter.com/frc3627,,,
frc3637,,https://twitter.com/frc3637,,,
frc3640,,https://twitter.com/frc3640,,,
frc3690,,https://twitter.com/frc3690,,,
frc3705,,https://twitter.com/frc3705,,,
frc3710,,https://twitter.com/frc3710,,,
frc3714,,https://twitter.com/frc3714chfhs,,,
frc3722,,https://twitter.com/frc3722,,,
frc3729,,https://twitter.com/frc3729,,,
frc375,,https://twitter.com/frc375,,,
frc388,,https://twitter.com/frc388,,,
frc3931,,https://twitter.com/frc3931,,,
frc3947,,https://twitter.com/frc3947,,,
frc395,,https://twitter.com/frc395,,,
frc3958,,https://twitter.com/frc3958,,,
frc3977,,https://twitter.com/frc3977,,,
frc3985,,https://twitter.com/frc3985,,,
frc399,,https://twitter.com/frc399,,,
frc4039,,https://twitter.com/frc4039,,,
frc4068,,https://twitter.com/frc4068,,,
frc4125,,https://twitter.com/frc4125,,,
frc4145,,https://twitter.com/frc4145,,,
frc4188,,https://twitter.com/frc4188,,,https://www.instagram.com/frcteam4188
frc4212,,https://twitter.com/frc4212,,,
frc422,,https://twitter.com/frc422,,,
frc4265,,https://twitter.com/frc4265,https://www.youtube.com/orhswildbots,,
frc4269,,https://twitter.com/frc4269,,,
frc4276,,https://twitter.com/frc4276,,,
frc4295,,https://twitter.com/frc4295,,,
frc4335,,https://twitter.com/frc4335,,,
frc4343,,https://twitter.com/frc4343,,,
frc4364,,https://twitter.com/frc4364,,,
frc4454,,https://twitter.com/frc4454,,,
frc447,,https://twitter.com/frc447,,,
frc4529,,https://twitter.com/frc4529,,,
frc4531,,https://twitter.com/frc4531,,,
frc4587,,https://twitter.com/frc4587,,,
frc4598,,https://twitter.com/frc4598,,,
frc461,,https://twitter.com/frc461,,,
frc4664,,https://twitter.com/frc4664,,,
frc4814,,https://twitter.com/frc4814,,,
frc4825,,https://twitter.com/frc4825,,,
frc4828,,https://twitter.com/frc4828,,,
frc4849,,https://twitter.com/frc4849,,,
frc4856,,https://twitter.com/frc4856,,,
frc4939,,https://twitter.com/frc4939,,,
frc4965,,https://twitter.com/frc4965,,https://github.com/frc-4965-fire,
frc5010,,https://twitter.com/frc5010,,,
frc5104,,https://twitter.com/frc5104,,,
frc5113,,https://twitter.com/frc5113,,,
frc5427,,https://twitter.com/frc5427,,,
frc5436,,https://twitter.com/frc5436,,,
frc548,,https://twitter.com/frc548,,,
frc5491,,https://twitter.com/frc5491,,,
frc5492,,https://twitter.com/frc5492robotics,,,
frc5572,,https://twitter.com/frc5572rosbots,,,
frc5653,,https://twitter.com/frc5653,,,
frc568,,https://twitter.com/frc568,,,
frc5801,,https://twitter.com/frc5801,,,
frc5870,,https://twitter.com/frc5870,,,
frc5919,,https://twitter.com/frc5919,,,
frc6065,,https://twitter.com/frc6065,,,
frc6130,,https://twitter.com/frc6130,,,
frc624,,https://twitter.com/frc624,,,
frc67,,https://twitter.com/frc67,,,
frc75,,https://twitter.com/frc75,,,
frc771,,https://twitter.com/frc771,,,
frc781,,https://twitter.com/frc781,,,
frc834,,https://twitter.com/frc834,,,
frc836,,https://twitter.com/frc836,,,
frc862,,https://twitter.com/frc862,,,
frc900,,https://twitter.com/frc900,,https://github.com/frc900,
frc910,,https://twitter.com/frc910,,,
frc938,,https://twitter.com/frc938,,,
frc973,,https://twitter.com/frc973,,,
frc1902,,https://twitter.com/frcbacon1902,,,
frc4010,,https://twitter.com/frcnautilus4010,,,
frc573,,https://twitter.com/frcteam_573,,,
frc1033,,https://twitter.com/frcteam1033,,,
frc1058,,https://twitter.com/frcteam1058,,,
frc108,,https://twitter.com/frcteam108,,,
frc131,,https://twitter.com/frcteam131,,https://github.com/manchester-central,
frc1452,,https://twitter.com/frcteam1452,,,
frc1672,,https://twitter.com/frcteam1672,https://www.youtube.com/mahwahrobotbirds,https://github.com/team1672,https://www.instagram.com/frcteam1672
frc1683,,https://twitter.com/frcteam1683,,,
frc16,,https://twitter.com/frcteam16,,https://github.com/frcteam16,
frc1872,,https://twitter.com/frcteam1872,,,
frc2147,,https://twitter.com/frcteam2147,,,
frc2151,,https://twitter.com/frcteam2151,,,
frc2481,,https://twitter.com/frcteam2481,,,
frc2485,,https://twitter.com/frcteam2485,,,
frc2797,,https://twitter.com/frcteam2797,,,
frc2881,,https://twitter.com/frcteam2881,,,
frc31,,https://twitter.com/frcteam31,https://www.youtube.com/channeluchdjfonl8762jsqqi27zbpa,,
frc3387,,https://twitter.com/frcteam3387,,,
frc343,,https://twitter.com/frcteam343,,,
frc3546,,https://twitter.com/frcteam3546,,,
frc3607,,https://twitter.com/frcteam3607,,,
frc3666,,https://twitter.com/frcteam3666,,,
frc3782,,https://twitter.com/frcteam3782,,,
frc3997,,https://twitter.com/frcteam3997,,,
frc4200,,https://twitter.com/frcteam4200,,,
frc4386,,https://twitter.com/frcteam4386,,,
frc4451,,https://twitter.com/frcteam4451,,,
frc453,,https://twitter.com/frcteam453,,,
frc4910,,https://twitter.com/frcteam4910,,,
frc498,,https://twitter.com/frcteam498,,,
frc558,,https://twitter.com/frcteam558,,,
frc744,,https://twitter.com/frcteam744,,,
frc772,,https://twitter.com/frcteam772,,,
frc812,,https://twitter.com/frcteam812,,,
frc818,,https://twitter.com/frcteam818,,,
frc999,,https://twitter.com/frcteam999,,,
frc3491,,https://twitter.com/futuredinos3491,,,
frc1648,,https://twitter.com/g3robotics,,,
frc4778,,https://twitter.com/gostormbots4778,,,
frc1660,,https://twitter.com/hk1660,,,
frc3147,,https://twitter.com/horsepower3147,,,
frc2640,,https://twitter.com/hotbotz2640,,,
frc2990,,https://twitter.com/hotwire2990,,,
frc2349,,https://twitter.com/hurriquake2349,,,
frc2016,,https://twitter.com/idea2016frc,,,
frc3593,,https://twitter.com/invictus3593,,,
frc2606,,https://twitter.com/irish_2606,,,
frc4742,,https://twitter.com/jaliscience4742,,,
frc967,,https://twitter.com/lmrobotics,https://www.youtube.com/lmrobotics,,
frc6220,,https://twitter.com/losal_frc,,,https://www.instagram.com/losalfrc
frc3981,,https://twitter.com/loups3981,,,
frc2614,,https://twitter.com/mars_2614,,,
frc2471,,https://twitter.com/meanmachine2471,,,
frc5123,,https://twitter.com/mechadogs,https://www.youtube.com/mechadogs,,https://www.instagram.com/mechadogs
frc1065,,https://twitter.com/moose1065,,,
frc115,,https://twitter.com/mvrt115,,,
frc93,,https://twitter.com/nacteam93,,,
frc2903,,https://twitter.com/neobots2903,,https://github.com/neobots2903,
frc687,,https://twitter.com/nerdherd687,,https://github.com/nerdherd,
frc948,,https://twitter.com/nrg948,,,
frc4450,,https://twitter.com/orf_4450,,,
frc5013,,https://twitter.com/parkhilltrobots,,,https://www.instagram.com/trobotsfrc5013
frc3492,,https://twitter.com/parts3492,,,
frc3530,,https://twitter.com/patriotix3530,,,
frc1646,,https://twitter.com/pg1646,,,
frc459,,https://twitter.com/pheminixteam459,,,
frc3570,,https://twitter.com/pheonix3570,,,
frc2642,,https://twitter.com/pittpirates2642,,,
frc3536,,https://twitter.com/protein__3536,,,
frc1710,,https://twitter.com/ravonics1710,,,
frc1741,,https://twitter.com/redalert1741,,,
frc4481,,https://twitter.com/rembrandts_4481,,,
frc379,,https://twitter.com/robocats379,,,
frc1018,,https://twitter.com/robodevil1018,,,
frc1985,,https://twitter.com/robohawks1985,,,
frc118,,https://twitter.com/robonauts118,,,
frc5891,,https://twitter.com/robosquad5891,,,
frc5712,,https://twitter.com/roboticshhs,,,
frc6013,,https://twitter.com/robowolves6013,,,
frc3824,,https://twitter.com/rohawktics3824,,,
frc5996,,https://twitter.com/rur_5996,,,
frc2225,,https://twitter.com/rust2225,,,
frc4146,,https://twitter.com/sabercats4146,,,
frc4151,,https://twitter.com/scrap4151,,,
frc5552,,https://twitter.com/sensored5552,,,
frc2367,,https://twitter.com/sfrt2367,,,
frc1742,,https://twitter.com/shockwave1742,,,
frc1983,,https://twitter.com/skunkworks1983,,,
frc3946,,https://twitter.com/slidellrobotics,https://www.youtube.com/slidellrobotics,https://github.com/frc3946,https://www.instagram.com/tiger_robotics_3946
frc3979,,https://twitter.com/solaris3979frc,,,
frc3544,,https://twitter.com/spartiates_3544,,,
frc4915,,https://twitter.com/spartronics4915,,,
frc3847,,https://twitter.com/spectrum3847,,,
frc3630,,https://twitter.com/stampede3630,,,
frc5460,,https://twitter.com/strikezone5460,,,
frc4732,,https://twitter.com/swc4732,,,
frc2630,,https://twitter.com/tb2630,,,
frc217,,https://twitter.com/tc_217,,,
frc5526,,https://twitter.com/tcats5526,,,
frc1444,,https://twitter.com/team_1444,,,
frc2472,,https://twitter.com/team_2472,,,
frc279,,https://twitter.com/team_279,,,
frc3260,,https://twitter.com/team_3260,,,https://www.instagram.com/sharprobotics
frc337,,https://twitter.com/team_337,,,
frc5678,,https://twitter.com/team_5678,,,
frc1073,,https://twitter.com/team1073,,,
frc1165,,https://twitter.com/team1165,,,
frc1289,,https://twitter.com/team1289,,,
frc1306,,https://twitter.com/team1306,,https://github.com/team1306,
frc1310,,https://twitter.com/team1310,,,
frc1378,,https://twitter.com/team1378,,,
frc1382,,https://twitter.com/team1382,,,
frc1403,,https://twitter.com/team1403,,,
frc141,,https://twitter.com/team141wobot,,,
frc1493,,https://twitter.com/team1493,,,
frc1501,,https://twitter.com/team1501,,,
frc1559,,https://twitter.com/team1559,,,
frc1561,,https://twitter.com/team1561member,,,
frc1599,,https://twitter.com/team1599,,,
frc1711,,https://twitter.com/team1711raptors,,,
frc1716,,https://twitter.com/team1716,,,
frc1732,,https://twitter.com/team1732,,,
frc1761,,https://twitter.com/team1761,,,
frc178,,https://twitter.com/team178,,,
frc1835,,https://twitter.com/team1835,,,
frc1967,,https://twitter.com/team1967,,,
frc201,,https://twitter.com/team201,,,
frc2059,,https://twitter.com/team2059,,,
frc2137,,https://twitter.com/team2137,,https://github.com/torc2137,
frc2148,,https://twitter.com/team2148,,,
frc2152,,https://twitter.com/team2152,,,
frc2191,,https://twitter.com/team2191,,,
frc2337,,https://twitter.com/team2337,,,
frc2342,,https://twitter.com/team2342,,,
frc2383,,https://twitter.com/team2383,,https://github.com/team2383,
frc2408,,https://twitter.com/team2408,,https://github.com/shrapnelsergeants2408,
frc2530,,https://twitter.com/team2530,,,
frc2611,,https://twitter.com/team2611,,,
frc2655,,https://twitter.com/team2655,,,
frc2679,,https://twitter.com/team2679,,,
frc2959,,https://twitter.com/team2959,,,
frc2977,,https://twitter.com/team2977,,,
frc2992,,https://twitter.com/team2992,,,
frc3015,,https://twitter.com/team3015,,,
frc3044,,https://twitter.com/team3044,,,
frc3061,,https://twitter.com/team3061,,,
frc3132,,https://twitter.com/team3132,,,
frc3161,,https://twitter.com/team3161,,,
frc3172,,https://twitter.com/team3172,,,
frc3176,,https://twitter.com/team3176,,,
frc3184,,https://twitter.com/team3184,,https://github.com/frc3184,
frc3238,,https://twitter.com/team3238,,,
frc3453,,https://twitter.com/team3453,,,
frc3588,,https://twitter.com/team3588,,,
frc3597,,https://twitter.com/team3597,,,
frc3641,,https://twitter.com/team3641,,,https://www.instagram.com/team3641
frc3667,,https://twitter.com/team3667,,,
frc3680,,https://twitter.com/team3680,,,
frc3683,,https://twitter.com/team3683,,,
frc3986,,https://twitter.com/team3986,,,
frc3990,,https://twitter.com/team3990,,,
frc3991,,https://twitter.com/team3991,,,
frc4011,,https://twitter.com/team4011_frc,,,
frc4063,,https://twitter.com/team4063,,,
frc4137,,https://twitter.com/team4137,,,
frc4150,,https://twitter.com/team4150,,,
frc4226,,https://twitter.com/team4226,,,
frc4253,,https://twitter.com/team4253,,,
frc4272,,https://twitter.com/team4272,,,
frc4282,,https://twitter.com/team4282,,,
frc4405,,https://twitter.com/team4405,,,
frc4471,,https://twitter.com/team4471,,,
frc4505,,https://twitter.com/team4505,,,
frc4572,,https://twitter.com/team4572,,,
frc4635,,https://twitter.com/team4635,,,
frc4795,,https://twitter.com/team4795,,,
frc4820,,https://twitter.com/team4820,,,
frc4956,,https://twitter.com/team4956,,,
frc4967,,https://twitter.com/team4967,,,
frc4994,,https://twitter.com/team4994,,,
frc4,,https://twitter.com/team4element,,,
frc527,,https://twitter.com/team527,,,
frc533,,https://twitter.com/team533,,,
frc537,,https://twitter.com/team537,,,
frc5784,,https://twitter.com/team5784,,,
frc5969,,https://twitter.com/team5969,,,
frc597,,https://twitter.com/team597,,,
frc810,,https://twitter.com/team810,,https://github.com/team810,
frc811,,https://twitter.com/team811,,,
frc6165,,https://twitter.com/teamaurora6165,,,
frc2836,,https://twitter.com/teambeta2836,,,
frc1730,,https://twitter.com/teamdriven1730,,,
frc2603,,https://twitter.com/teamhornet2603,,,
frc27,,https://twitter.com/teamrush27,,,
frc1802,,https://twitter.com/teamstealth1802,,,
frc1927,,https://twitter.com/teamtempest1927,,,
frc3547,,https://twitter.com/teamvirus3547,,,
frc3527,,https://twitter.com/tecbalam_3527,,,
frc4085,,https://twitter.com/techdiff4085,,,
frc3510,,https://twitter.com/tectronic3510,,,
frc4561,,https://twitter.com/terrorbytes4561,,,
frc233,,https://twitter.com/thepinkteam233,,,
frc5547,,https://twitter.com/thetalons5547,,,
frc2080,,https://twitter.com/torbotics2080,,,
frc4935,,https://twitter.com/trex4935,,,
frc2386,,https://twitter.com/trojans2386,,,
frc3507,,https://twitter.com/ubotics,https://www.youtube.com/ubotics3507,,
frc5528,,https://twitter.com/ultime5528,,,
frc1156,,https://twitter.com/underctrl1156,,,
frc2974,,https://twitter.com/walt2974,,,
frc3794,,https://twitter.com/wint_frc3794,,https://github.com/wint-3794,
frc5885,,https://twitter.com/wiredcats5885,,,
frc5498,,https://twitter.com/wireddevils5498,,,
frc4645,,https://twitter.com/x_machina4645,,,
frc223,,https://twitter.com/xtremeheat223,,,
frc1296,https://www.facebook.com/1296fullmetaljackets,https://twitter.com/frcteam1296,,,https://www.instagram.com/frc1296
frc4646,https://www.facebook.com/4646asap,https://twitter.com/team4646,,https://github.com/frc4646,
frc4613,https://www.facebook.com/barkercollegerobotics,,,,
frc4050,https://www.facebook.com/biohazard4050,https://twitter.com/frc4050,,,
frc1592,https://www.facebook.com/bionic.tigers,https://twitter.com/frc1592,https://www.youtube.com/bionictigers,,https://www.instagram.com/bionictigers1592
frc449,https://www.facebook.com/blairrobot,https://twitter.com/firstteam449,,,
frc177,https://www.facebook.com/bobcatrobotics,https://twitter.com/bobcat_robotics,,,
frc3339,https://www.facebook.com/bumbleb3339,https://twitter.com/frc3339,https://www.youtube.com/bumbleb3339,,https://www.instagram.com/bumbleb3339
frc842,https://www.facebook.com/carl-hayden-falcon-robotics-team-842-163234503744962,https://twitter.com/falconrobotics,,,https://www.instagram.com/falconrobotics
frc5556,https://www.facebook.com/carriagetownrobotics,https://twitter.com/frcteam5556,,,
frc166,https://www.facebook.com/chopshop166,https://twitter.com/chopshop166,https://www.youtube.com/chopshop166,https://github.com/chopshop-166,
frc4513,https://www.facebook.com/circuitbreakers4513,https://twitter.com/frc4513,,,
frc1002,https://www.facebook.com/circuitrunners,https://twitter.com/circuitrunners,https://www.youtube.com/circuitrunners,,
frc401,https://www.facebook.com/copperheadrobotics,https://twitter.com/frcteam401,,https://github.com/team401,https://www.instagram.com/thecopperheads
frc5050,https://www.facebook.com/cowtownrobotics5050,,,,
frc6146,https://www.facebook.com/dawsonboydrobotics,https://twitter.com/dbhsrobotics,,,
frc2587,https://www.facebook.com/discobots2587,https://twitter.com/discobots,https://www.youtube.com/lamardiscobots,https://github.com/discobots2587,
frc5980,https://www.facebook.com/eastgrandrapidsrobotics,,,,
frc6199,https://www.facebook.com/ehawksual,https://twitter.com/ehawks6199,,,
frc2626,https://www.facebook.com/evolution2626,https://twitter.com/evolution2626,https://www.youtube.com/evolution2626first,,
frc4468,https://www.facebook.com/fernbanklinks,https://twitter.com/fernbanklinks,,https://github.com/fernbanklinksrobotics,https://www.instagram.com/fernbanklinks
frc1108,https://www.facebook.com/first-robotics-team-1108-panther-robotics-130742220315492,https://twitter.com/first_team_1108,,,
frc423,https://www.facebook.com/first-team-423-1721663961393647,https://twitter.com/frc423,,,https://www.instagram.com/frc423
frc1334,https://www.facebook.com/frc-team-1334-149244261792203,https://twitter.com/frc1334,,,
frc5987,https://www.facebook.com/frc.reali,,,,
frc1086,https://www.facebook.com/frc1086,https://twitter.com/frc1086,,,
frc1114,https://www.facebook.com/frc1114,https://twitter.com/frc1114,https://www.youtube.com/simbotics,,
frc1257,https://www.facebook.com/frc1257,https://twitter.com/frc1257,,https://github.com/team1257,
frc1325,https://www.facebook.com/frc1325,https://twitter.com/frc1325,,,
frc1510,https://www.facebook.com/frc1510,https://twitter.com/frc1510,,https://github.com/bpsrobotics,https://www.instagram.com/frc1510
frc1540,https://www.facebook.com/frc1540,https://twitter.com/flamingchickens,https://www.youtube.com/1540flamingchickens,https://github.com/flamingchickens1540,
frc1610,https://www.facebook.com/frc1610,,,,
frc2410,https://www.facebook.com/frc2410,https://twitter.com/team2410,,https://github.com/caps-robotics,
frc3175,https://www.facebook.com/frc3175,https://twitter.com/frc3175,,,
frc3476,https://www.facebook.com/frc3476,https://twitter.com/codeorangefrc,https://www.youtube.com/codeorangefrc,,
frc4909,https://www.facebook.com/frc4909,https://twitter.com/frc4909,,https://github.com/frcteam4909,
frc5254,https://www.facebook.com/frc5254,https://twitter.com/frc5254,,,
frc5414,https://www.facebook.com/frc5414,https://twitter.com/frc5414,https://www.youtube.com/pearlandfrc,,
frc5517,https://www.facebook.com/frc5517,https://twitter.com/frc5517,,https://github.com/frc5517,
frc5806,https://www.facebook.com/frc5806,,,,
frc5926,https://www.facebook.com/frc5926,https://twitter.com/frc5926,,,
frc604,https://www.facebook.com/frc604,https://twitter.com/frc604,https://www.youtube.com/lelandrobotics,https://github.com/frc604,https://www.instagram.com/frc604
frc865,https://www.facebook.com/frc865,https://twitter.com/frc865,,,
frc868,https://www.facebook.com/frc868,https://twitter.com/techhounds868,https://www.youtube.com/team868,https://github.com/frc868,
frc971,https://www.facebook.com/frc971,https://twitter.com/team971,,,
frc3480,https://www.facebook.com/frcabtomat3480,https://twitter.com/frcabtomat3480,,,
frc3928,https://www.facebook.com/frcneutrino,https://twitter.com/frcneutrino,https://www.youtube.com/3928neutrino,https://github.com/team-neutrino,https://www.instagram.com/4hteamneutrino
frc100,https://www.facebook.com/frcteam100wildhats,https://twitter.com/frcteam100,https://www.youtube.com/team100wildhats,https://github.com/team100,
frc1360,https://www.facebook.com/frcteam1360,https://twitter.com/frc1360,,,
frc20,https://www.facebook.com/frcteam20,https://twitter.com/frcteam20,,,
frc4096,https://www.facebook.com/frcteam4096,https://twitter.com/ctrlz4096,,,
frc4761,https://www.facebook.com/frcteam4761,https://twitter.com/frc4761,,https://github.com/team4761,https://www.instagram.com/robockets.4761
frc708,https://www.facebook.com/frcteam708,https://twitter.com/frc708,,https://github.com/team708,
frc5109,https://www.facebook.com/gladiatorrobotics,https://twitter.com/jchsrobotics,,,
frc1072,https://www.facebook.com/harker-robotics-team-1072-199777950060812,https://twitter.com/harker1072,,https://github.com/harkerrobo,
frc5150,https://www.facebook.com/hybridhornets,https://twitter.com/frc5150,,,
frc3360,https://www.facebook.com/hyperion3360,https://twitter.com/frc3360,https://www.youtube.com/hyperion3360,,
frc2438,https://www.facebook.com/iobotics,https://twitter.com/iobotics,,https://github.com/iobotics,
frc5115,https://www.facebook.com/knightriderswheatonroboticsteam5115,https://twitter.com/knightrider5115,,https://github.com/frc-team5115,
frc3966,https://www.facebook.com/lnstempunks,https://twitter.com/lnstempunks,https://www.youtube.com/lnstempunks,https://github.com/ln-stempunks,https://www.instagram.com/lnstempunks
frc3234,https://www.facebook.com/lowellrobotics,https://twitter.com/frc3234,,,
frc4592,https://www.facebook.com/m3robo,https://twitter.com/m3robo,,,https://www.instagram.com/m3robo
frc1574,https://www.facebook.com/miscar1574,https://twitter.com/miscar1574,https://www.youtube.com/miscar1574,,https://www.instagram.com/miscar1574
frc365,https://www.facebook.com/moerobotics,https://twitter.com/firstmoe365,https://www.youtube.com/moe365webteam,,https://www.instagram.com/themiracleworkerz
frc2723,https://www.facebook.com/msmrocketrobotics,https://twitter.com/frc2723,,,
frc3239,https://www.facebook.com/nuamesrobotics,https://twitter.com/nuamesrobotics,,,
frc1982,https://www.facebook.com/nwcougarrobotics,https://twitter.com/nwcougarrobots,https://www.youtube.com/smnwcougarrobotics,,
frc8,https://www.facebook.com/palyrobotics,https://twitter.com/frc8,,https://github.com/team8,
frc1676,https://www.facebook.com/pascackpioneers,https://twitter.com/frcteam1676,https://www.youtube.com/team1676,,
frc5895,https://www.facebook.com/peddierobotics,,,https://github.com/peddierobotics,https://www.instagram.com/peddierobotics
frc5024,https://www.facebook.com/raiderrobotics5024,https://twitter.com/bealrobot,,,
frc25,https://www.facebook.com/raiderrobotix,https://twitter.com/raiderrobotix,,,
frc148,https://www.facebook.com/robotics-team-148-robowranglers-144761815581405,https://twitter.com/robowranglers,https://www.youtube.com/robowranglers,,
frc1418,https://www.facebook.com/robotics1418,https://twitter.com/robotics1418,https://www.youtube.com/robotics1418,https://github.com/frc1418,
frc3688,https://www.facebook.com/sbhsrobotics,,,,
frc5450,https://www.facebook.com/shhsrobotics,,,,https://www.instagram.com/shrec5450
frc1126,https://www.facebook.com/sparx1126,,,,
frc694,https://www.facebook.com/stuypulse,,,,
frc1432,https://www.facebook.com/team1432,https://twitter.com/team1432,https://www.youtube.com/team1432,https://github.com/team1432,
frc1912,https://www.facebook.com/team1912combustion,https://twitter.com/team1912,https://www.youtube.com/team1912combustion,,
frc195,https://www.facebook.com/team195,https://twitter.com/cyberknights195,,,
frc240,https://www.facebook.com/team240,https://twitter.com/tempest240,,,
frc2537,https://www.facebook.com/team2537,,https://www.youtube.com/frc2537ahs,,
frc254,https://www.facebook.com/team254robotics,https://twitter.com/team254,https://www.youtube.com/254cheesypoofs,https://github.com/team254,
frc2579,https://www.facebook.com/team2579,,,,
frc3647,https://www.facebook.com/team3647,,,,
frc4001,https://www.facebook.com/team4001,https://twitter.com/team4001,,,
frc4334,https://www.facebook.com/team4334,https://twitter.com/team4334,,https://github.com/team4334,
frc4634,https://www.facebook.com/team4634,https://twitter.com/wolfbotz,,,
frc5484,https://www.facebook.com/team5484,https://twitter.com/frc5484,,,
frc578,https://www.facebook.com/team578,,,,
frc5924,https://www.facebook.com/team5924,https://twitter.com/team5924,,,
frc5940,https://www.facebook.com/team5940bread,https://twitter.com/frc5940,,https://github.com/bread5940,
frc5950,https://www.facebook.com/team5950,https://twitter.com/team5950,,,https://www.instagram.com/team5950
frc610,https://www.facebook.com/team610,,https://www.youtube.com/team610,,
frc980,https://www.facebook.com/team980thunderbots,https://twitter.com/frc980,,,
frc3478,https://www.facebook.com/teamlambot3478,https://twitter.com/teamlambot3478,,,
frc3196,https://www.facebook.com/teamspork3196,https://twitter.com/frc3196,https://www.youtube.com/firstteamspork,,https://www.instagram.com/teamspork3196
frc3354,https://www.facebook.com/tecdroid3354,https://twitter.com/tecdroidoficial,https://www.youtube.com/tecdroidfrc3354,,
frc5518,https://www.facebook.com/technowolves,https://twitter.com/technowolves,,https://github.com/technowolves5518,
frc2877,https://www.facebook.com/the-ligerbots-162121450506644,https://twitter.com/ligerbots,,https://github.com/ligerbots,
frc2898,https://www.facebook.com/theflyinghedgehogs,,https://www.youtube.com/2898flyinghedgehogs,https://github.com/bpsrobotics,https://www.instagram.com/frc2898
frc1836,https://www.facebook.com/themilkenknights,https://twitter.com/milkenknights,,https://github.com/1836,https://www.instagram.com/milkenknights
frc1124,https://www.facebook.com/theuberbots,https://twitter.com/team1124,https://www.youtube.com/Uberbots1124,https://github.com/frc1124,
frc6049,https://www.facebook.com/titanx6049,,,,
frc3102,https://www.facebook.com/tnt3102,https://twitter.com/tnt3102,https://www.youtube.com/tnt3102org,,
frc1294,https://www.facebook.com/topgunrobotics,,https://www.youtube.com/topgun1294,https://github.com/frc-1294,
frc4476,https://www.facebook.com/wafflesrobotics,,,,
frc5857,https://www.facebook.com/walnutvalleyrobotics,https://twitter.com/wvr5857,https://www.youtube.com/channeluczjcnnyc245vxbs6hwyaysg,,
frc3604,https://www.facebook.com/woodhaven-robotics-team-3604-167378876696706,https://twitter.com/goonsquad3604,https://www.youtube.com/whsrobotics3604,,
frc5045,https://www.facebook.com/wshsrobotics,https://twitter.com/team5045,,https://github.com/team5045,
frc5810,https://www.facebook.com/xbotsfrc,,,,
frc5805,,,https://www.youtube.com/channelucf8b5avtjesifln3sxm9sva,,